{"cameraMode":{"drawMode":0,"name":"Shaded","section":"Shading Mode"},"sceneLighting":true,"audioPlay":false,"sceneViewState":{"showFog":true,"showMaterialUpdate":false,"showSkybox":true,"showFlares":true,"showImageEffects":true,"showParticleSystems":true},"in2DMode":false,"pivot":{"x":-2.1659483909606935,"y":1.2181658744812012,"z":2.172956943511963},"rotation":{"x":-0.08630666136741638,"y":0.8371166586875916,"z":-0.1383676826953888,"w":-0.5221506953239441},"size":10.0,"orthographic":false}